<?xml version="1.0" encoding="UTF-8" standalone="yes"?>
<addon id="repository.thegoodjoker" name="TheGoodJoker official Repo" version="1.0.0" provider-name="Joker">
	<extension point="xbmc.addon.repository" name="TheGoodJoker official Repo">
		<info compressed="false">https://raw.github.com/lukasocampos/addondata/master/addons.xml</info>
		<checksum>https://raw.github.com/lukasocampos/addondata/master/addons.xml.md5</checksum>
		<datadir zip="true">https://raw.github.com/lukasocampos/addondata/master</datadir>
	</extension>
	<extension point="xbmc.addon.metadata">
		<summary>TheGoodJoker official Repo</summary>
   		<description lang="en">Instala los Addons de Kodi.</description>
		<disclaimer></disclaimer>
		<platform>all</platform>
	</extension>
</addon>