<?xml version="1.0" encoding="UTF-8" standalone="yes"?>
<addon id="plugin.video.arenavision" name="Arenavision" version="1.0.3" provider-name="You">
  <requires>
    <import addon="xbmc.python" version="2.25.0"/>
  </requires>
  <extension point="xbmc.python.pluginsource" library="default.py">
    <provides>video</provides>
  </extension>
  <extension point="xbmc.addon.metadata">
    <summary lang="en_GB">Your add-on's summary</summary>
    <description lang="en_GB">Your add-on's description</description>
    <disclaimer lang="en_GB"></disclaimer>
    <language>en</language> <!-- the language of the videos or other content the plugin provides, may be omitted in case the addon does not provide any content -->
    <platform>all</platform>
    <license>GPL-2.0-or-later</license>
    <forum>https://forum.kodi.tv/showthread.php?tid=xxxx</forum> <!-- may be omitted  -->
    <website>http://myplugin.com</website> <!-- the url of the website that contains the videos (or the official website of your plugin). May be omitted.  -->
    <email>you@youremail.com</email> <!-- may be omitted  -->
    <source>http://github.com/you/plugin.addon.id</source>
    <news>v1.0.0 (01/02/201x)
      [new] some new feature
      [fix] some fix
    </news>
    <assets>
        <icon>icon.png</icon>
        <fanart>fanart.jpg</fanart>
  
    </assets>
  </extension>
</addon>